timestamp,state,x,y,z
1305031102.175303936,2,0.000000000,0.000000000,0.000000000
1305031102.211214066,2,-0.001325708,0.008686637,0.011150193
1305031102.243211031,2,-0.002257684,0.007401663,0.024362991
1305031102.275326014,2,-0.003300070,0.008799356,0.036219295
1305031102.311266899,2,-0.001711443,0.006809734,0.049512114
1305031102.343233109,2,-0.003332802,0.007972806,0.060868286
1305031102.375329018,2,-0.004418026,0.007621290,0.073157832
1305031102.411257982,2,-0.007933933,0.012936313,0.084686793
1305031102.443270922,2,-0.005992184,0.020478288,0.096530639
1305031102.475317955,2,-0.003746439,0.019585310,0.109819889
1305031102.511219025,2,-0.003336142,0.017183563,0.124151535
1305031102.543220043,2,-0.004445265,0.016397651,0.135571301
1305031102.575285912,2,-0.003500126,0.010881932,0.150019169
1305031102.611232996,2,-0.003242111,0.009431446,0.163215458
1305031102.643265009,2,-0.009694838,0.017008897,0.171774790
1305031102.675285101,2,-0.008935613,0.019656280,0.186021537
1305031102.711262941,2,-0.008683651,0.019320741,0.200053141
1305031102.743233919,2,-0.009166575,0.028388653,0.211058035
1305031102.775471926,2,-0.006126089,0.027818875,0.224755824
1305031102.811232090,2,-0.008856384,0.031183738,0.237204120
1305031102.843290091,2,-0.007979200,0.032117613,0.250811309
1305031102.875363111,2,-0.013796479,0.034140848,0.262336582
1305031102.911185026,2,-0.013082120,0.037375621,0.274285138
1305031102.943228960,2,-0.022116236,0.040076751,0.285454988
1305031102.975203037,2,-0.027406318,0.043914489,0.296214342
1305031103.011214972,2,-0.025341110,0.047307801,0.306812108
1305031103.043226957,2,-0.027314670,0.050262533,0.317679524
1305031103.075319052,2,-0.022184756,0.049812607,0.329476118
1305031103.111239910,2,-0.024475759,0.058699798,0.335627437
1305031103.143317938,2,-0.023050506,0.060720202,0.346138984
1305031103.175451994,2,-0.024223069,0.066932671,0.353714854
1305031103.211220026,2,-0.023883983,0.072714902,0.362936020
1305031103.243216038,2,-0.024657700,0.076196887,0.369483113
1305031103.275369883,2,-0.030200850,0.076916002,0.375513047
1305031103.311209917,2,-0.029073685,0.070959374,0.382006794
1305031103.343223095,2,-0.022998530,0.073898330,0.384890705
1305031103.375327110,2,-0.021628691,0.072662711,0.384523928
1305031103.411259890,2,-0.023115480,0.067332499,0.384431899
1305031103.443279982,2,-0.024253948,0.065150723,0.380357683
1305031103.475274086,2,-0.023452381,0.061590262,0.376199394
1305031103.511332989,2,-0.023546554,0.055947855,0.369461596
1305031103.543443918,2,-0.022518238,0.052411407,0.361207604
1305031103.575474024,2,-0.024274323,0.050405789,0.350676894
1305031103.611222982,2,-0.023452874,0.045426097,0.341380656
1305031103.643445015,2,-0.023285985,0.040436607,0.330042958
1305031103.675523043,2,-0.021281136,0.037056495,0.319219440
1305031103.711610079,2,-0.017644709,0.032584105,0.307004124
1305031103.743325949,2,-0.015704086,0.026406826,0.294345558
1305031103.775341988,2,-0.015523729,0.024165237,0.278912067
1305031103.811242104,2,-0.014893636,0.023315733,0.264617145
1305031103.843250990,2,-0.017070794,0.024122711,0.249630034
1305031103.875360966,2,-0.016884068,0.013131529,0.239937007
1305031103.911221027,2,-0.015650386,0.006001524,0.226007000
1305031103.943211079,2,-0.013679096,0.003402199,0.210101053
1305031103.975373030,2,-0.009991339,-0.002442257,0.197883785
1305031104.011231899,2,-0.004886249,-0.008499793,0.184966028
1305031104.043248892,2,-0.002863870,-0.010030528,0.168683425
1305031104.075424910,2,0.000830030,-0.012837619,0.152210206
1305031104.111234903,2,0.005410100,-0.017631123,0.140363470
1305031104.143229961,2,0.003822798,-0.022231853,0.125075087
1305031104.175424099,2,0.002326908,-0.024437005,0.109619848
1305031104.211282969,2,0.004194989,-0.029536750,0.096286952
1305031104.243196011,2,0.003352822,-0.031300846,0.083288729
1305031104.275546074,2,0.004166793,-0.032742865,0.069711611
1305031104.311218977,2,0.006181494,-0.034073886,0.058234219
1305031104.343342066,2,0.009802637,-0.033387184,0.046717644
1305031104.375837088,2,0.009526831,-0.034053724,0.035689835
1305031104.411509037,2,0.006133338,-0.035616305,0.023701254
1305031104.443288088,2,0.001958394,-0.035047106,0.013427733
1305031104.475455999,2,-0.002739958,-0.037548523,0.002842461
1305031104.511328936,2,-0.001842323,-0.041422367,-0.004441847
1305031104.543368101,2,-0.002167837,-0.042866204,-0.014148537
1305031104.575342894,2,0.006744733,-0.048007604,-0.022057379
1305031104.611335993,2,0.016957220,-0.057404052,-0.028072383
1305031104.643243074,2,0.017018672,-0.053034514,-0.040304121
1305031104.675524950,2,0.019535217,-0.057478450,-0.049660865
1305031104.711277008,2,0.018480144,-0.058119442,-0.061327837
1305031104.743279934,2,0.023303028,-0.056986991,-0.072028704
1305031104.775326967,2,0.019969719,-0.052973606,-0.079887219
1305031104.811465025,2,0.022776740,-0.048090111,-0.088745013
1305031104.843257904,2,0.020338159,-0.042152725,-0.094166800
1305031104.875349998,2,0.016892886,-0.038255498,-0.102140434
1305031104.911534071,2,0.019330898,-0.034052078,-0.102215186
1305031104.943262100,2,0.018213583,-0.031695560,-0.102108456
1305031104.975202084,2,0.016519522,-0.024705447,-0.100860305
1305031105.011290073,2,0.016823314,-0.020077288,-0.091783747
1305031105.043373108,2,0.015195676,-0.017355526,-0.082528576
1305031105.075320005,2,0.018433215,-0.019106261,-0.073494673
1305031105.111299038,2,0.013113279,-0.022303393,-0.063157499
1305031105.143105984,2,0.008263118,-0.008453291,-0.047340907
1305031105.175158978,2,0.007204098,-0.006867473,-0.034671500
1305031105.211267948,2,-0.000180142,-0.014046141,-0.022249937
1305031105.243269920,2,-0.004665581,-0.010397868,-0.007920405
1305031105.275288105,2,-0.009241606,-0.006536914,0.004342196
1305031105.311290026,2,-0.012172066,-0.008938880,0.018631166
1305031105.343302011,2,-0.013119239,-0.016369184,0.031178981
1305031105.375338078,2,-0.013019245,-0.018270016,0.045579009
1305031105.411286116,2,-0.014977401,-0.009434305,0.060252573
1305031105.443315983,2,-0.015260108,-0.014521752,0.075539708
1305031105.475280046,2,-0.015594065,-0.013031583,0.088414967
1305031105.511332035,2,-0.012585888,-0.010849973,0.103173487
1305031105.543282032,2,-0.013819022,-0.012589145,0.118117765
1305031105.575448990,2,-0.015098121,-0.011081545,0.131957814
1305031105.611377954,2,-0.013535874,-0.012416540,0.147366300
1305031105.643273115,2,-0.014754741,-0.010787649,0.161879495
1305031105.675165892,2,-0.013945287,-0.008407540,0.175232679
1305031105.711308956,2,-0.010426157,-0.010233833,0.191554621
1305031105.743311882,2,-0.009957162,-0.003059971,0.204154059
1305031105.775338888,2,-0.006604709,-0.004014160,0.220095888
1305031105.811283112,2,-0.007942461,-0.002712521,0.234114498
1305031105.843271017,2,-0.006424472,0.000931504,0.248506173
1305031105.875336885,2,-0.003664364,0.007341255,0.261282086
1305031105.911262035,2,-0.003774267,0.011449773,0.275925487
1305031105.943272114,2,-0.003600259,0.015979014,0.287885964
1305031105.975328922,2,-0.003890247,0.020685295,0.300311625
1305031106.011285067,2,-0.003350737,0.026032988,0.313426495
1305031106.043354988,2,-0.004453444,0.028817819,0.325397760
1305031106.075330019,2,-0.005409089,0.034612920,0.337293297
1305031106.111326933,2,-0.006893558,0.041774284,0.348297447
1305031106.143354893,2,-0.009281863,0.042881779,0.359473318
1305031106.175534010,2,-0.010571036,0.044180997,0.369320840
1305031106.211275101,2,-0.011417921,0.043402493,0.379334003
1305031106.243267059,2,-0.014258733,0.047356978,0.386223942
1305031106.276385069,2,-0.014125047,0.053001277,0.392192423
1305031106.311238050,2,-0.014464916,0.055864073,0.397765368
1305031106.343257904,2,-0.014977826,0.062878735,0.400999486
1305031106.375387907,2,-0.010026379,0.063108027,0.402991712
1305031106.411319971,2,-0.009438636,0.056748927,0.405625939
1305031106.443278074,2,-0.015613386,0.052390926,0.404186577
1305031106.475344896,2,-0.018852226,0.050551429,0.400576085
1305031106.511128902,2,-0.018230367,0.044068269,0.395328343
1305031106.543302059,2,-0.015555453,0.041383266,0.386504531
1305031106.575282097,2,-0.016961591,0.039814077,0.375670761
1305031106.611150980,2,-0.018406916,0.039180119,0.364388287
1305031106.643207073,2,-0.016765120,0.031360887,0.353241742
1305031106.675278902,2,-0.022753075,0.030599609,0.338900745
1305031106.711508036,2,-0.021831183,0.026498774,0.327711970
1305031106.743340969,2,-0.023009812,0.023245908,0.311854780
1305031106.775389910,2,-0.019451907,0.017884569,0.296611041
1305031106.811289072,2,-0.019586917,0.019051677,0.280762285
1305031106.843415976,2,-0.016452236,0.007799133,0.267338812
1305031106.875905037,2,-0.014203637,0.004054117,0.249987379
1305031106.911242962,2,-0.014159898,0.005034878,0.230219588
1305031106.943439007,2,-0.013054949,-0.002506281,0.215137139
1305031106.975547075,2,-0.011993455,-0.010109704,0.198300987
1305031107.011575937,2,-0.014220565,-0.004931439,0.175250873
1305031107.043281078,2,-0.013907369,-0.011704348,0.161200002
1305031107.075432062,2,-0.016769746,-0.018931316,0.145090103
1305031107.111228943,2,-0.015046837,-0.018833859,0.128434911
1305031107.143260002,2,-0.012344105,-0.018112855,0.112855405
1305031107.175399065,2,-0.010662582,-0.025498031,0.100363754
1305031107.211358070,2,-0.007830660,-0.031378344,0.087168813
1305031107.243377924,2,-0.006961320,-0.031440366,0.072209097
1305031107.275398016,2,-0.003261553,-0.035831727,0.061286256
1305031107.311225891,2,-0.002055886,-0.041875634,0.048392802
1305031107.343508959,2,0.001419305,-0.046676017,0.038130552
1305031107.375412941,2,0.002240549,-0.040490180,0.025250109
1305031107.411271095,2,0.004411651,-0.041897185,0.017661046
1305031107.443418980,2,0.008074133,-0.040166967,0.010576586
1305031107.475377083,2,0.010942932,-0.041266050,0.006503918
1305031107.511352062,2,0.010892950,-0.034541078,0.003495062
1305031107.543605089,2,0.014996542,-0.034985099,0.003246070
1305031107.575453997,2,0.017901598,-0.041008614,0.005390109
1305031107.611270905,2,0.019511361,-0.031322554,0.005859809
1305031107.643322945,2,0.021430321,-0.033124864,0.006275506
1305031107.675568104,2,0.020677164,-0.031916991,0.008990130
1305031107.711307049,2,0.018541135,-0.026572496,0.011499846
1305031107.743537903,2,0.016136775,-0.022393137,0.013063113
1305031107.775801897,2,0.015570622,-0.022915972,0.015846891
1305031107.811595917,2,0.017815944,-0.020891480,0.017447136
1305031107.843332052,2,0.019601854,-0.019681565,0.018499978
1305031107.875358105,2,0.023616601,-0.023559274,0.022099053
1305031107.911540985,2,0.029135082,-0.023791447,0.024279272
1305031107.943121910,2,0.035270121,-0.025340797,0.027009003
1305031107.975806952,2,0.042064417,-0.027100224,0.029575143
1305031108.011320114,2,0.050001271,-0.024482511,0.032463674
1305031108.043417931,2,0.063775197,-0.020404413,0.034863647
1305031108.075351954,2,0.074271895,-0.022509597,0.040653117
1305031108.111377954,2,0.081542209,-0.024976302,0.044699233
1305031108.143333912,2,0.095713541,-0.020506078,0.048051775
1305031108.176058054,2,0.106212646,-0.014382075,0.051011615
1305031108.211474895,2,0.118096784,-0.017499413,0.055878650
1305031108.243346930,2,0.135333255,-0.023657830,0.058184471
1305031108.275357962,2,0.146556869,-0.016130606,0.061617877
1305031108.311331987,2,0.151737437,-0.010839172,0.067280456
1305031108.343277931,2,0.162127063,-0.008949202,0.070705332
1305031108.375410080,2,0.170130476,-0.006769463,0.075635649
1305031108.411360979,2,0.187625796,-0.007518397,0.078648992
1305031108.443609953,2,0.202493101,-0.006204763,0.080768734
1305031108.475471020,2,0.216185540,-0.008799512,0.083295122
1305031108.511378050,2,0.233998612,-0.014735049,0.087925300
1305031108.543736935,2,0.244822592,-0.018288312,0.090342604
1305031108.575413942,2,0.253735483,-0.010264308,0.088112682
1305031108.611407042,2,0.273675889,-0.008359042,0.089820452
1305031108.643302917,2,0.281180918,-0.004599749,0.090668440
1305031108.675374985,2,0.295391858,-0.001925054,0.090274580
1305031108.711410999,2,0.309898853,-0.002226390,0.091864593
1305031108.743501902,2,0.315696031,-0.003879556,0.093988322
1305031108.775492907,2,0.327152312,-0.000320945,0.092892267
1305031108.811244011,2,0.328695238,-0.002983715,0.095442422
1305031108.843264103,2,0.326313525,-0.007863066,0.093737446
1305031108.876514912,2,0.325931013,-0.008217756,0.091570944
1305031108.911364079,2,0.324162155,-0.013693688,0.094728537
1305031108.943243027,2,0.319978654,-0.015209557,0.091040820
1305031108.975267887,2,0.317900658,-0.007383598,0.083863705
1305031109.011269093,2,0.319499880,-0.007540604,0.082631983
1305031109.043277025,2,0.310835749,-0.008775284,0.078783877
1305031109.075409889,2,0.301676810,-0.000623562,0.075623535
1305031109.111282110,2,0.296219826,-0.005253049,0.074005321
1305031109.143333912,2,0.272147089,-0.010858276,0.079612486
1305031109.175463915,2,0.260980427,-0.003603328,0.077042513
1305031109.211379051,2,0.256716669,0.012880539,0.075337119
1305031109.243289948,2,0.242316410,0.008409058,0.075149335
1305031109.275307894,2,0.227980331,-0.006812693,0.075300425
1305031109.311328888,2,0.212138608,-0.000298120,0.072996579
1305031109.343247890,2,0.199046627,0.006892434,0.071502797
1305031109.375396967,2,0.188782319,0.000638298,0.068832204
1305031109.411329031,2,0.174091786,0.003324595,0.070604093
1305031109.443301916,2,0.161943361,0.007877884,0.065647632
1305031109.475363016,2,0.149895355,0.002152667,0.065738514
1305031109.511272907,2,0.136483833,-0.002273974,0.065506198
1305031109.543293953,2,0.122395135,0.000915513,0.061712638
1305031109.575361967,2,0.108595759,0.003400923,0.057626586
1305031109.611310005,2,0.093859084,0.002784201,0.055917323
1305031109.643229008,2,0.083170146,0.005959187,0.054276243
1305031109.675262928,2,0.066222519,0.009217056,0.052479405
1305031109.711312056,2,0.053635936,0.011304113,0.052387483
1305031109.743273973,2,0.040256374,0.011431305,0.051591564
1305031109.775276899,2,0.028893486,0.009056679,0.052999880
1305031109.811371088,2,0.013549763,0.012171786,0.052406520
1305031109.843296051,2,-0.000516863,0.012326144,0.052709900
1305031109.875305891,2,-0.017296461,0.013576020,0.055203300
1305031109.911264896,2,-0.028549539,0.010504479,0.058485068
1305031109.943299055,2,-0.042039935,0.020586824,0.061592374
1305031109.975258112,2,-0.058588520,0.019881463,0.063407399
1305031110.011255980,2,-0.069589153,0.018996714,0.067624874
1305031110.043298960,2,-0.083769009,0.018886097,0.070149615
1305031110.075319052,2,-0.097461917,0.023274796,0.073289499
1305031110.111325026,2,-0.111168489,0.020965178,0.075476430
1305031110.143431902,2,-0.125004843,0.014874573,0.077937447
1305031110.175641060,2,-0.137632921,0.024612028,0.078691259
1305031110.211637020,2,-0.149899691,0.020427685,0.080373660
1305031110.243323088,2,-0.163816512,0.017325731,0.081944279
1305031110.279320955,2,-0.172383115,0.017106237,0.082762226
1305031110.311403990,2,-0.184493542,0.019302586,0.082144171
1305031110.343354940,2,-0.197128266,0.021992672,0.081328057
1305031110.379281044,2,-0.207271576,0.022163579,0.082257748
1305031110.411468983,2,-0.218962565,0.026279882,0.077374972
1305031110.443259954,2,-0.230879560,0.030614842,0.078703500
1305031110.479331017,2,-0.244591266,0.026347265,0.079730444
1305031110.511429071,2,-0.256723404,0.028553030,0.080192566
1305031110.543407917,2,-0.267361820,0.034256510,0.077916577
1305031110.579426050,2,-0.278642744,0.037902184,0.075624429
1305031110.611306906,2,-0.288081586,0.037734129,0.084363736
1305031110.643418074,2,-0.296104103,0.037885230,0.085484788
1305031110.679605961,2,-0.302487910,0.044400286,0.083955780
1305031110.711411953,2,-0.308100730,0.043333564,0.085927323
1305031110.743248940,2,-0.312899143,0.041408870,0.086819090
1305031110.779192924,2,-0.317250788,0.045321986,0.086829029
1305031110.811386108,2,-0.320162982,0.045953244,0.084694400
1305031110.843218088,2,-0.322404265,0.045786191,0.086819731
1305031110.879312992,2,-0.322359949,0.050284777,0.089270815
1305031110.911333084,2,-0.321981519,0.048623230,0.087896481
1305031110.943861961,2,-0.317570031,0.051124137,0.089978456
1305031110.979345083,2,-0.311262310,0.054164920,0.088915266
1305031111.011430979,2,-0.304511994,0.058039732,0.096540317
1305031111.043327093,2,-0.298511356,0.056499816,0.092862241
1305031111.079282999,2,-0.291044354,0.054951534,0.089275971
1305031111.111507893,2,-0.281701893,0.049950279,0.093494877
1305031111.143256903,2,-0.272722125,0.051021185,0.096101165
1305031111.179326057,2,-0.258682609,0.048040505,0.097109176
1305031111.211432934,2,-0.246492773,0.045675207,0.092728302
1305031111.243236065,2,-0.240067899,0.040788930,0.091551363
1305031111.279308081,2,-0.217458501,0.032236464,0.092146985
1305031111.311547041,2,-0.214565739,0.038909078,0.084397584
1305031111.343396902,2,-0.202155396,0.037694108,0.088304095
1305031111.379133940,2,-0.180821076,0.026295386,0.092390530
1305031111.411295891,2,-0.174768493,0.030448982,0.089345150
1305031111.443386078,2,-0.155809402,0.031007970,0.094256572
1305031111.479259014,2,-0.121482030,0.021383738,0.095662825
1305031111.511264086,2,-0.110307366,0.018071134,0.092821918
1305031111.543250084,2,-0.104588777,0.018916246,0.090533435
1305031111.579236984,2,-0.086406983,0.022723505,0.089119956
1305031111.611270905,2,-0.086453654,0.024274513,0.091372482
1305031111.643394947,2,-0.060802892,0.013240896,0.095321216
1305031111.679320097,2,-0.040243883,0.019637845,0.090655163
1305031111.711760044,2,-0.023258241,0.018081153,0.094164424
1305031111.743386030,2,-0.000763778,0.017989032,0.102639705
1305031111.779422998,2,0.010084545,0.022455219,0.096113399
1305031111.811405897,2,0.023627324,0.011388376,0.093537003
1305031111.843298912,2,0.029632345,0.017104633,0.094008930
1305031111.879441977,2,0.040231097,0.017988620,0.095088914
1305031111.911354065,2,0.044999432,0.011313288,0.096756905
1305031111.943300009,2,0.063548855,0.013790244,0.098152712
1305031111.979449034,2,0.083006248,0.018429384,0.098483622
1305031112.011432886,2,0.104655817,0.010582873,0.098352745
1305031112.043270111,2,0.121087156,0.011161501,0.097477168
1305031112.079339027,2,0.137813881,0.012353187,0.098434247
1305031112.111423016,2,0.136818737,0.013922160,0.098747395
1305031112.144341946,2,0.157495975,0.011859155,0.095575087
1305031112.179389954,2,0.179221526,0.012998972,0.097972028
1305031112.211253881,2,0.186533779,0.005006441,0.103686750
1305031112.243369102,2,0.199586660,-0.001379725,0.102405220
1305031112.279352903,2,0.203050971,-0.001402386,0.102830961
1305031112.311311960,2,0.213638127,-0.006414589,0.104371727
1305031112.343322992,2,0.225877702,-0.003753003,0.103581682
1305031112.379359961,2,0.236441597,-0.003178573,0.102409616
1305031112.411442041,2,0.253126889,0.000213242,0.100567706
1305031112.443391085,2,0.263814390,-0.004891882,0.100763604
1305031112.479418039,2,0.274334371,-0.001767644,0.099601321
1305031112.511503935,2,0.282920390,-0.002946665,0.099629283
1305031112.543211937,2,0.293760329,-0.004009027,0.100178242
1305031112.579252005,2,0.303367883,-0.001868803,0.097992763
1305031112.611260891,2,0.321635365,0.002744403,0.095040083
1305031112.643245935,2,0.330723614,0.002789545,0.095290922
1305031112.679951906,2,0.333697975,0.002825998,0.097485483
1305031112.711251020,2,0.337167114,0.005439205,0.097211763
1305031112.743244886,2,0.341704875,0.016364006,0.095378831
1305031112.779309988,2,0.337442189,0.010007265,0.099986032
1305031112.811310053,2,0.319707185,0.002132903,0.104933836
1305031112.843286037,2,0.320074230,0.011939087,0.102980919
1305031112.879420996,2,0.321691662,0.011397626,0.102445394
1305031112.911411047,2,0.312534958,0.010419305,0.103525549
1305031112.943320990,2,0.302842587,0.007733315,0.105894089
1305031112.979278088,2,0.298330396,0.008172584,0.104285695
1305031113.011353016,2,0.294147015,0.012169416,0.100847967
1305031113.043231010,2,0.282096505,0.008844927,0.102647379
1305031113.079251051,2,0.267004907,-0.000665846,0.104845829
1305031113.111315966,2,0.256608784,0.005993072,0.101702176
1305031113.143306017,2,0.249911815,0.010964219,0.096158884
1305031113.179342985,2,0.238026708,0.004283397,0.097755551
1305031113.211258888,2,0.217356995,0.003712072,0.095322289
1305031113.243227005,2,0.203899309,0.008249843,0.090441473
1305031113.279311895,2,0.192714661,-0.001959790,0.091307119
1305031113.311451912,2,0.174898729,-0.006083709,0.091081120
1305031113.343251944,2,0.156409070,-0.000440966,0.087583281
1305031113.379312038,2,0.143389970,0.002317435,0.088015914
1305031113.411624908,2,0.127718687,-0.006150475,0.090432517
1305031113.443265915,2,0.107082978,-0.000667210,0.086688809
1305031113.479310989,2,0.086779483,0.000982610,0.085822619
1305031113.511523008,2,0.068361759,-0.001152640,0.088003330
1305031113.543241978,2,0.052977625,-0.005161859,0.086129799
1305031113.579301119,2,0.038079735,-0.001565129,0.087087855
1305031113.611268044,2,0.026271205,-0.002006500,0.087531835
1305031113.643222094,2,0.010750154,-0.001215810,0.088341996
1305031113.679287910,2,-0.005220217,-0.002963103,0.087819099
1305031113.711930990,2,-0.015786713,-0.003944937,0.089015976
1305031113.743590117,2,-0.028944178,-0.002755296,0.089388460
1305031113.779320002,2,-0.045980085,-0.004557003,0.089236200
1305031113.811237097,2,-0.057722468,-0.003353217,0.089337029
1305031113.843295097,2,-0.070111752,0.000954114,0.090534374
1305031113.879281044,2,-0.092309348,-0.007026286,0.091813296
1305031113.911289930,2,-0.100999780,-0.000321288,0.092661604
1305031113.943290949,2,-0.113681316,-0.000524150,0.092689008
1305031113.979293108,2,-0.129810199,-0.000043577,0.093926549
1305031114.011256933,2,-0.148379922,0.003929631,0.091714941
1305031114.043301105,2,-0.167297855,0.003310250,0.093355291
1305031114.079284906,2,-0.185591236,0.001543919,0.092728719
1305031114.111263037,2,-0.194641754,0.007022440,0.093407117
1305031114.143284082,2,-0.207301095,0.007516732,0.095547013
1305031114.179337025,2,-0.214486003,0.001921433,0.097216703
1305031114.211302996,2,-0.228208631,0.012010188,0.095730871
1305031114.243336916,2,-0.246372312,0.009339597,0.094173208
1305031114.279390097,2,-0.264274418,0.010303038,0.094298564
1305031114.311429024,2,-0.273898393,0.013036070,0.096557736
1305031114.343331099,2,-0.279292047,0.012410610,0.099492259
1305031114.379319906,2,-0.289930969,0.011602954,0.102813222
1305031114.411396980,2,-0.303745627,0.014350585,0.104059175
1305031114.443345070,2,-0.317023218,0.015098551,0.102618851
1305031114.479331970,2,-0.328024715,0.012022940,0.103034794
1305031114.511265993,2,-0.334569275,0.016159125,0.105683960
1305031114.543236017,2,-0.336292088,0.015978968,0.111156322
1305031114.579236984,2,-0.342336386,0.013856201,0.111920506
1305031114.611391068,2,-0.345807284,0.017708238,0.112498276
1305031114.644135952,2,-0.354771644,0.015338521,0.113262206
1305031114.679250956,2,-0.359714687,0.011981387,0.113794237
1305031114.711306095,2,-0.359883696,0.010320752,0.117998086
1305031114.743200064,2,-0.362039566,0.008781103,0.119249769
1305031114.779289007,2,-0.358727783,0.011687286,0.119508252
1305031114.811302900,2,-0.359244525,0.013965539,0.115649715
1305031114.843208075,2,-0.357094109,0.013714889,0.115985788
1305031114.879281044,2,-0.352741838,0.017053530,0.115848474
1305031114.912878990,2,-0.349036425,0.019667625,0.116003759
1305031114.943233967,2,-0.341536164,0.023982609,0.117149189
1305031114.979279995,2,-0.335241824,0.026131494,0.117355712
1305031115.011300087,2,-0.326995462,0.030899266,0.117091358
1305031115.043508053,2,-0.315340072,0.029339630,0.125351876
1305031115.079237938,2,-0.304556876,0.029849915,0.122508466
1305031115.111229897,2,-0.289123625,0.031927235,0.131053016
1305031115.143275023,2,-0.276305974,0.029256547,0.132239074
1305031115.179440022,2,-0.268195361,0.027688751,0.129616424
1305031115.211374044,2,-0.246748388,0.018581951,0.134288400
1305031115.243297100,2,-0.233309492,0.018875362,0.138126463
1305031115.279966116,2,-0.216843843,0.023031132,0.137429327
1305031115.311703920,2,-0.191903263,0.016139675,0.148113593
1305031115.343235016,2,-0.172113985,0.017936468,0.145693675
1305031115.379165888,2,-0.174218014,0.030807266,0.147267088
1305031115.411237001,2,-0.155353457,0.024649309,0.154419348
1305031115.443159103,2,-0.132045895,0.024925308,0.157484457
1305031115.479240894,2,-0.116461955,0.026389305,0.161436811
1305031115.511253119,2,-0.081816137,0.021142328,0.168018699
1305031115.543603897,2,-0.058450460,0.016420713,0.167826533
1305031115.579314947,2,-0.045999065,0.015049243,0.164685667
1305031115.611423969,2,-0.031302463,0.015043978,0.166218400
1305031115.643254042,2,-0.014610108,0.014411306,0.166703627
1305031115.679240942,2,-0.006961057,0.014033224,0.165806085
1305031115.711319923,2,0.017168341,0.017587973,0.166410908
1305031115.743249893,2,0.043848105,0.016437439,0.169762537
1305031115.779424906,2,0.058741998,0.016687034,0.168918893
1305031115.811276913,2,0.079756223,0.015494364,0.164776430
1305031115.843224049,2,0.089979954,0.015951585,0.163365304
1305031115.879198074,2,0.099656105,0.012096737,0.165827543
1305031115.911118031,2,0.115212075,0.019971183,0.166907474
1305031115.943310976,2,0.136093736,0.018228715,0.166808710
1305031115.980740070,2,0.147959873,0.019759769,0.167356461
1305031116.011379004,2,0.171692073,0.023216292,0.170838028
1305031116.043164015,2,0.179537192,0.030046307,0.172173396
1305031116.080029964,2,0.185491785,0.037208803,0.175073907
1305031116.111299992,2,0.198107421,0.038206313,0.176808789
1305031116.143440962,2,0.207560182,0.031520236,0.179777712
1305031116.179572105,2,0.217106253,0.035080280,0.182903811
1305031116.211298943,2,0.229443312,0.034598794,0.183970332
1305031116.243319988,2,0.243207842,0.025248727,0.186552420
1305031116.279385090,2,0.254787266,0.034481887,0.183793828
1305031116.311336040,2,0.261522174,0.033712316,0.183905929
1305031116.343291998,2,0.269561976,0.025336592,0.186722741
1305031116.379384041,2,0.268352240,0.022021126,0.188368931
1305031116.411333084,2,0.269534379,0.032488249,0.182709664
1305031116.443368912,2,0.268984884,0.031989209,0.179912165
1305031116.479850054,2,0.271329999,0.025715949,0.179998368
1305031116.511204958,2,0.268374264,0.026856573,0.176884666
1305031116.543262005,2,0.258846670,0.028759006,0.174183816
1305031116.579313040,2,0.242027953,0.029589111,0.173809707
1305031116.611260891,2,0.228239000,0.023682486,0.174441472
1305031116.643354893,2,0.215934768,0.027055290,0.171627492
1305031116.679280996,2,0.205700532,0.029540692,0.168712854
1305031116.711633921,2,0.193222448,0.029295351,0.167150319
1305031116.743290901,2,0.172981232,0.033962082,0.163903907
1305031116.779298067,2,0.157589808,0.033092100,0.163202703
1305031116.811317921,2,0.139911160,0.028643437,0.163462952
1305031116.846088886,2,0.118709899,0.031315807,0.164684802
1305031116.880165100,2,0.100305133,0.034996022,0.160575613
1305031116.912044048,2,0.077705540,0.032911137,0.159998089
1305031116.943295956,2,0.065695815,0.029575596,0.156013608
1305031116.979351044,2,0.049231227,0.029174887,0.155462772
1305031117.011382103,2,0.031067479,0.033116601,0.153562412
1305031117.043261051,2,0.020028574,0.037989836,0.150514901
1305031117.079519987,2,0.004829620,0.041929632,0.146642417
1305031117.111238003,2,-0.020930670,0.044624642,0.145019233
1305031117.143218040,2,-0.024420897,0.046558961,0.142018750
1305031117.179264069,2,-0.033829715,0.047727432,0.140191659
1305031117.211360931,2,-0.033322554,0.052926764,0.146820351
1305031117.243277073,2,-0.032112721,0.057919841,0.147906646
1305031117.279299021,2,-0.032489926,0.053646699,0.149269566
1305031117.311199903,2,-0.039846495,0.051899087,0.150337175
1305031117.343242884,2,-0.042445336,0.047723372,0.151271924
1305031117.379453897,2,-0.043406162,0.041642360,0.151818141
1305031117.411221027,2,-0.045442615,0.035880588,0.151688367
1305031117.443274021,2,-0.044114284,0.033547323,0.151035652
1305031117.479403019,2,-0.045352712,0.026212942,0.150048763
1305031117.511324883,2,-0.046240758,0.018278714,0.150345653
1305031117.544285059,2,-0.048887018,0.014400680,0.149953038
1305031117.579154968,2,-0.048924189,0.010957329,0.151324555
1305031117.611159086,2,-0.049389362,0.003855947,0.153061181
1305031117.643251896,2,-0.050891619,-0.005912663,0.155850276
1305031117.679261923,2,-0.051843293,-0.010179702,0.157779977
1305031117.711184025,2,-0.050702434,-0.021336108,0.161567256
1305031117.743184090,2,-0.050686229,-0.031026624,0.166204229
1305031117.779467106,2,-0.051104583,-0.036957696,0.169352144
1305031117.811320066,2,-0.048720855,-0.052922223,0.174428791
1305031117.843291044,2,-0.046148617,-0.060654968,0.179714218
1305031117.879451036,2,-0.046907324,-0.068738274,0.181665108
1305031117.911406994,2,-0.047654230,-0.082086511,0.188691825
1305031117.943253040,2,-0.049014423,-0.089057863,0.191089958
1305031117.979228020,2,-0.051240038,-0.096916541,0.195740536
1305031118.011228085,2,-0.051794387,-0.111241251,0.203452647
1305031118.043520927,2,-0.051943742,-0.119440019,0.208447054
1305031118.079334021,2,-0.051562499,-0.126653180,0.212766901
1305031118.111217022,2,-0.046231542,-0.140824541,0.219165593
1305031118.143255949,2,-0.051080324,-0.147997364,0.222169414
1305031118.179322958,2,-0.050282862,-0.159841597,0.228694648
1305031118.211201906,2,-0.056066852,-0.171286955,0.231180236
1305031118.243172884,2,-0.056598391,-0.181435317,0.234091133
1305031118.279194117,2,-0.056025606,-0.193502337,0.240367979
1305031118.311299086,2,-0.057210840,-0.196950361,0.240759447
1305031118.343323946,2,-0.054444566,-0.201392025,0.244447827
1305031118.379208088,2,-0.058889706,-0.209630981,0.245469704
1305031118.411295891,2,-0.059909865,-0.212322965,0.247383967
1305031118.445692062,2,-0.056120038,-0.214822248,0.251207054
1305031118.479285002,2,-0.054190114,-0.220193908,0.253092349
1305031118.511255026,2,-0.054899484,-0.217218384,0.253020823
1305031118.544414043,2,-0.054346118,-0.212253064,0.253082842
1305031118.579284906,2,-0.052329466,-0.209827498,0.255250394
1305031118.616142035,2,-0.052265838,-0.202220261,0.253860921
1305031118.645324945,2,-0.052413646,-0.194494218,0.250613123
1305031118.679295063,2,-0.053206630,-0.187205166,0.249138921
1305031118.711421013,2,-0.052880380,-0.185410291,0.248669147
1305031118.746769905,2,-0.058211267,-0.173024520,0.242432505
1305031118.779277086,2,-0.058608640,-0.150788546,0.234425038
1305031118.811220884,2,-0.053283315,-0.154132649,0.236700773
1305031118.846752882,2,-0.048710354,-0.144026771,0.230826750
1305031118.879208088,2,-0.049178507,-0.120489627,0.219584122
1305031118.911176920,2,-0.048178591,-0.116906278,0.217793554
1305031118.946974039,2,-0.048527870,-0.104908466,0.209555283
1305031118.979373932,2,-0.051977903,-0.085164636,0.200831577
1305031119.011363029,2,-0.051246528,-0.076330394,0.195996881
1305031119.047172070,2,-0.054862600,-0.066452757,0.190432146
1305031119.079222918,2,-0.057999998,-0.054350544,0.183821142
1305031119.111327887,2,-0.057698075,-0.044760592,0.177070573
1305031119.147615910,2,-0.060553737,-0.032533556,0.170652568
1305031119.179225922,2,-0.057291958,-0.028500719,0.166987211
1305031119.211364031,2,-0.055144433,-0.015772393,0.160325736
1305031119.247399092,2,-0.056532308,-0.006946214,0.154459506
1305031119.279211998,2,-0.055752926,0.006018486,0.148351789
1305031119.311212063,2,-0.057583936,0.015427412,0.143332720
1305031119.347740889,2,-0.057886101,0.021862112,0.140237868
1305031119.379239082,2,-0.056985963,0.035577055,0.134269208
1305031119.411484003,2,-0.052432667,0.044324394,0.131114006
1305031119.447705984,2,-0.050581455,0.052963596,0.128254533
1305031119.479266882,2,-0.053675305,0.065705009,0.123123243
1305031119.511240005,2,-0.055888474,0.076621853,0.118195914
1305031119.547382116,2,-0.055265389,0.088832527,0.114901818
1305031119.579559088,2,-0.053840972,0.103180736,0.111160316
1305031119.615016937,2,-0.054806925,0.109815955,0.111024208
1305031119.647902966,2,-0.058976367,0.127113000,0.105031528
1305031119.679208040,2,-0.056414977,0.139443770,0.103910275
1305031119.715231895,2,-0.057163857,0.146258384,0.103019454
1305031119.747193098,2,-0.061856858,0.151432663,0.101638421
1305031119.779169083,2,-0.062241863,0.161947682,0.101853356
1305031119.814537048,2,-0.061433151,0.172743231,0.100587897
1305031119.847429037,2,-0.058879580,0.181143895,0.098025352
1305031119.879214048,2,-0.059451085,0.186405629,0.098007761
1305031119.911401033,2,-0.061418071,0.201725930,0.092995353
1305031119.947391987,2,-0.063479707,0.210663602,0.092059068
1305031119.979537010,2,-0.063072681,0.215466246,0.091030173
1305031120.015264034,2,-0.064233683,0.224912286,0.087626845
1305031120.047290087,2,-0.068987340,0.229288667,0.090046160
1305031120.079417944,2,-0.069108434,0.226463169,0.090295143
1305031120.115231991,2,-0.070508026,0.233991936,0.089625940
1305031120.148156881,2,-0.068578891,0.224691689,0.088983372
1305031120.179245949,2,-0.069059961,0.222349241,0.090087615
1305031120.215249062,2,-0.067886382,0.215430647,0.091034502
1305031120.248003006,2,-0.067727432,0.211478695,0.091569193
1305031120.279429913,2,-0.065614164,0.206710234,0.093460649
1305031120.315196037,2,-0.064440295,0.194291413,0.096554242
1305031120.347786903,2,-0.062792152,0.186757222,0.097907551
1305031120.379436970,2,-0.062648669,0.172845170,0.100589238
1305031120.415445089,2,-0.058897495,0.154542297,0.106207088
1305031120.447417021,2,-0.058981456,0.151246741,0.108972415
1305031120.479432106,2,-0.057980020,0.134796277,0.114408702
1305031120.514818907,2,-0.060257092,0.125004515,0.119563475
1305031120.547735929,2,-0.063493080,0.120027944,0.122904979
1305031120.579550982,2,-0.063231193,0.111794807,0.128027022
1305031120.615236044,2,-0.060812354,0.100058116,0.133557484
1305031120.647353888,2,-0.057519145,0.092136450,0.137826309
1305031120.679317951,2,-0.058041576,0.085949041,0.140624315
1305031120.714521885,2,-0.056643669,0.076343685,0.146361589
1305031120.747369051,2,-0.057750050,0.067489669,0.150641173
1305031120.779894114,2,-0.054974802,0.054440893,0.155302614
1305031120.814944029,2,-0.054873850,0.047624677,0.157049954
1305031120.847920895,2,-0.052558731,0.038716145,0.163042277
1305031120.883435011,2,-0.050313830,0.026997911,0.166852921
1305031120.915443897,2,-0.051740725,0.021305362,0.167715296
1305031120.947488070,2,-0.052034814,0.012588391,0.170897305
1305031120.983366013,2,-0.053007405,0.001171898,0.174823150
1305031121.015018940,2,-0.053501945,-0.009180110,0.177029505
1305031121.047497988,2,-0.055071894,-0.014645639,0.178964153
1305031121.083098888,2,-0.054448098,-0.030033030,0.183489710
1305031121.114696026,2,-0.054789543,-0.037330549,0.183607355
1305031121.147330999,2,-0.057350244,-0.046695855,0.184322476
1305031121.183270931,2,-0.056968059,-0.057733145,0.188066900
1305031121.211420059,2,-0.051834144,-0.067565903,0.192420051
1305031121.247194052,2,-0.054958533,-0.074534245,0.192344472
1305031121.282876015,2,-0.054685209,-0.086487047,0.196451083
1305031121.313568115,2,-0.055063691,-0.098209232,0.198649377
1305031121.347517014,2,-0.057702444,-0.107793771,0.200526074
1305031121.383225918,2,-0.053225189,-0.119994909,0.206201598
1305031121.414318085,2,-0.054426402,-0.127462566,0.208021253
1305031121.447319031,2,-0.053422499,-0.134883314,0.211082205
1305031121.482964039,2,-0.052693330,-0.150036901,0.215227425
1305031121.514106989,2,-0.056779798,-0.154776245,0.213936314
1305031121.547270060,2,-0.056751624,-0.160042316,0.216651261
1305031121.583204031,2,-0.055763356,-0.173151255,0.220926315
1305031121.614700079,2,-0.055153653,-0.182188049,0.224539191
1305031121.647182941,2,-0.054593332,-0.187914610,0.225295469
1305031121.683199883,2,-0.059799045,-0.193967760,0.227873147
1305031121.714519978,2,-0.063390464,-0.203051701,0.228136688
1305031121.747144938,2,-0.063129164,-0.207848713,0.230481759
1305031121.782835007,2,-0.060570404,-0.215309218,0.235486314
1305031121.811539888,2,-0.058497526,-0.219033942,0.239091396
1305031121.847335100,2,-0.058901593,-0.222018510,0.240539253
1305031121.882060051,2,-0.059609637,-0.225632012,0.242409989
1305031121.914931059,2,-0.060139421,-0.225188822,0.241919234
1305031121.947288036,2,-0.060178403,-0.226971835,0.244384229
1305031121.982925892,2,-0.059091926,-0.222188279,0.242804006
1305031122.014256001,2,-0.060215030,-0.220435753,0.241378576
1305031122.047306061,2,-0.059871774,-0.214285657,0.239020318
1305031122.082958937,2,-0.058923088,-0.207899809,0.236918971
1305031122.114671946,2,-0.059896894,-0.196201280,0.232623518
1305031122.150724888,2,-0.059500933,-0.186978921,0.230485871
1305031122.183042049,2,-0.058409221,-0.176476017,0.226572618
1305031122.214958906,2,-0.061390243,-0.154302776,0.219403684
1305031122.251318932,2,-0.060019974,-0.147459939,0.217419252
1305031122.283560038,2,-0.061360262,-0.133834213,0.212095678
1305031122.314289093,2,-0.063922852,-0.109345302,0.206614658
1305031122.351326942,2,-0.063302919,-0.104634881,0.202321425
1305031122.382630110,2,-0.067765407,-0.089896835,0.195890069
1305031122.414997101,2,-0.069253840,-0.081909791,0.193704024
1305031122.451256990,2,-0.070292436,-0.071687616,0.185876861
1305031122.483360052,2,-0.070617594,-0.061253231,0.180744439
1305031122.515096903,2,-0.070468508,-0.048352029,0.174859732
1305031122.551490068,2,-0.064265981,-0.039659578,0.170714393
1305031122.583208084,2,-0.064491354,-0.030805973,0.165058360
1305031122.614979982,2,-0.070365906,-0.021127161,0.161544070
1305031122.648787975,2,-0.069140583,-0.012013164,0.155431360
1305031122.683402061,2,-0.070084892,-0.000070484,0.149189651
1305031122.715208054,2,-0.071168154,0.011463894,0.145230711
1305031122.751297951,2,-0.069909915,0.027900664,0.141407296
1305031122.783422947,2,-0.065985344,0.040840197,0.137031332
1305031122.812555075,2,-0.065985404,0.048349705,0.136124581
1305031122.851418018,2,-0.060079515,0.057581015,0.134090066
1305031122.883754015,2,-0.061978243,0.070018455,0.131732807
1305031122.914571047,2,-0.068421476,0.073611885,0.129057169
1305031122.951340914,2,-0.069159381,0.078862868,0.127138689
1305031122.982815027,2,-0.072704129,0.092465028,0.123730496
1305031123.015450001,2,-0.071464345,0.098192483,0.121780843
1305031123.051826954,2,-0.070833541,0.105131231,0.119255230
1305031123.082974911,2,-0.070169412,0.117517538,0.115843102
1305031123.113873005,2,-0.068505794,0.126845062,0.112795062
1305031123.150821924,2,-0.070047222,0.134891227,0.111925229
1305031123.182154894,2,-0.066770181,0.148679674,0.109996386
1305031123.214704037,2,-0.067559041,0.161460325,0.108010106
1305031123.250617981,2,-0.068806544,0.177362844,0.104524039
1305031123.282346964,2,-0.068078578,0.181068629,0.106693998
1305031123.311326981,2,-0.066808611,0.190161780,0.106500603
1305031123.350481033,2,-0.064897701,0.196525946,0.106337056
1305031123.382255077,2,-0.064502671,0.206993818,0.105586149
1305031123.411362886,2,-0.066416159,0.216850281,0.105006374
1305031123.451255083,2,-0.063787185,0.222913042,0.103795715
1305031123.483593941,2,-0.062838435,0.232585877,0.103527628
1305031123.511359930,2,-0.063121431,0.241520047,0.102339864
1305031123.551512957,2,-0.061688159,0.248341709,0.100495964
1305031123.579582930,2,-0.061636254,0.258264601,0.100267842
1305031123.611335039,2,-0.058859967,0.262780339,0.097804233
1305031123.652410984,2,-0.057995740,0.270671397,0.096415363
1305031123.683753014,2,-0.057289734,0.275479406,0.097475000
1305031123.711323023,2,-0.056896824,0.284622133,0.096365780
1305031123.751723051,2,-0.053587828,0.291165709,0.095614962
1305031123.783858061,2,-0.053701334,0.296494752,0.094783790
1305031123.811608076,2,-0.053055070,0.298187345,0.093362443
1305031123.851444006,2,-0.052327763,0.299431860,0.093272038
1305031123.883785963,2,-0.054171130,0.302534014,0.092105694
1305031123.911242962,2,-0.054215599,0.298758090,0.091418013
1305031123.951442003,2,-0.052293848,0.291400760,0.091961913
1305031123.983414888,2,-0.051967453,0.298150420,0.093902327
1305031124.011301994,2,-0.052048497,0.294048846,0.094839573
1305031124.051505089,2,-0.053912599,0.280688792,0.096755490
1305031124.083837032,2,-0.052450299,0.282132655,0.099107653
1305031124.111330986,2,-0.054413270,0.274789929,0.102349021
1305031124.147445917,2,-0.055050250,0.258316636,0.105889812
1305031124.182693958,2,-0.055125289,0.254399091,0.109546944
1305031124.211395979,2,-0.054267015,0.247479096,0.112318471
1305031124.249326944,2,-0.052930772,0.228989869,0.115239069
1305031124.282545090,2,-0.052958950,0.221557975,0.117534369
1305031124.311361074,2,-0.052633975,0.203102052,0.120928831
1305031124.350353956,2,-0.051423103,0.187496334,0.122722261
1305031124.382420063,2,-0.050032634,0.177468941,0.125684395
1305031124.411438942,2,-0.051239800,0.163133740,0.128045574
1305031124.450244904,2,-0.049601145,0.153785944,0.130151719
1305031124.480098963,2,-0.048309747,0.139932320,0.132305503
1305031124.511323929,2,-0.050269533,0.131566808,0.133312017
1305031124.550436974,2,-0.051695991,0.120989524,0.134208754
1305031124.579404116,2,-0.052317932,0.108264863,0.137500897
1305031124.611357927,2,-0.050550092,0.096380919,0.141737461
1305031124.651271105,2,-0.052398562,0.087419726,0.144027010
1305031124.679362059,2,-0.049439989,0.072191417,0.149232358
1305031124.711251020,2,-0.049283836,0.063507214,0.151865229
1305031124.749890089,2,-0.051534120,0.048502754,0.155432582
1305031124.779365063,2,-0.051812772,0.038169872,0.159372255
1305031124.811359882,2,-0.051466830,0.026963910,0.163606703
1305031124.850534916,2,-0.051044263,0.012699680,0.170301527
1305031124.879354954,2,-0.047124784,-0.000681060,0.177456409
1305031124.911448002,2,-0.048163943,-0.007036058,0.180927187
1305031124.950730085,2,-0.047196228,-0.019640863,0.187784255
1305031124.979438066,2,-0.048483308,-0.038920898,0.195359573
1305031125.011454105,2,-0.051495921,-0.048248015,0.197633862
1305031125.050762892,2,-0.047967073,-0.051431686,0.203600422
1305031125.079364061,2,-0.048889704,-0.063956082,0.208705083
1305031125.111363888,2,-0.049220357,-0.079748422,0.212840378
1305031125.151012897,2,-0.046344168,-0.087892137,0.217948705
1305031125.179352999,2,-0.050494693,-0.087299362,0.218595386
1305031125.211319923,2,-0.052552603,-0.101176508,0.223896593
1305031125.250632048,2,-0.054262858,-0.116309069,0.227475733
1305031125.279467106,2,-0.055998601,-0.120813198,0.229104996
1305031125.311492920,2,-0.054235231,-0.131633013,0.234105080
1305031125.348880053,2,-0.057434026,-0.139925256,0.234019130
1305031125.379400969,2,-0.053561378,-0.143203333,0.240512639
1305031125.411334991,2,-0.053696956,-0.148729816,0.242330641
1305031125.451195002,2,-0.056245789,-0.155671343,0.245421842
1305031125.479424000,2,-0.055544998,-0.165067747,0.248687804
1305031125.511316061,2,-0.058880020,-0.165847167,0.246878579
1305031125.551019907,2,-0.060029093,-0.166462585,0.249422848
1305031125.579308033,2,-0.058541868,-0.168444037,0.251017004
1305031125.611532927,2,-0.060924552,-0.175237179,0.251041591
1305031125.650574923,2,-0.063185297,-0.180860296,0.246271610
1305031125.679327965,2,-0.068644375,-0.172246441,0.237108126
1305031125.711442947,2,-0.064740062,-0.171942234,0.237617195
1305031125.751260042,2,-0.061636720,-0.159792840,0.234159514
1305031125.779347897,2,-0.061101656,-0.151506916,0.230137631
1305031125.811573029,2,-0.057434950,-0.140751302,0.227251455
1305031125.847412109,2,-0.059660900,-0.134222344,0.223915234
1305031125.879317999,2,-0.060260426,-0.124589935,0.219218180
1305031125.911304951,2,-0.064741217,-0.112616926,0.210069939
1305031125.947343111,2,-0.069079772,-0.107882641,0.207545951
1305031125.979324102,2,-0.063720614,-0.093828700,0.205111593
1305031126.011332989,2,-0.059636917,-0.079039931,0.204043910
1305031126.047323942,2,-0.054732919,-0.062074322,0.202311188
1305031126.079355955,2,-0.053632218,-0.048201833,0.199876964
1305031126.111370087,2,-0.053462051,-0.038902141,0.199504361
1305031126.147432089,2,-0.054981600,-0.019245416,0.194525138
1305031126.179383993,2,-0.056161862,-0.006526572,0.192702487
1305031126.211318970,2,-0.053955905,0.000863504,0.191333950
1305031126.247298002,2,-0.050503958,0.019418886,0.189329639
1305031126.279362917,2,-0.049298465,0.029534413,0.188471988
1305031126.311331987,2,-0.047027308,0.043028533,0.185707718
1305031126.347362995,2,-0.047369309,0.052706417,0.183486983
1305031126.379422903,2,-0.049155049,0.063557044,0.180573419
1305031126.411464930,2,-0.048853446,0.076007999,0.178001761
1305031126.447360992,2,-0.050041527,0.082788400,0.176156640
1305031126.479532957,2,-0.051987428,0.092131741,0.172904491
1305031126.511409998,2,-0.050965417,0.108812027,0.167950958
1305031126.547374010,2,-0.047593746,0.116853707,0.167168632
1305031126.579453945,2,-0.046977814,0.125691026,0.165957183
1305031126.611527920,2,-0.047866430,0.134130150,0.163459033
1305031126.647376060,2,-0.045291428,0.134268060,0.162682772
1305031126.679478884,2,-0.044439409,0.142412767,0.160486042
1305031126.711582899,2,-0.042444605,0.147389546,0.157406002
1305031126.747315884,2,-0.041496839,0.150313929,0.156445384
1305031126.779378891,2,-0.041114923,0.157385647,0.153023034
1305031126.811602116,2,-0.039305117,0.161251962,0.150904268
1305031126.847342968,2,-0.037407972,0.164213791,0.148787364
1305031126.879357100,2,-0.038847357,0.167720616,0.147038817
1305031126.911364079,2,-0.038308877,0.170099288,0.145293236
1305031126.947437048,2,-0.036763739,0.170584664,0.143848434
1305031126.979336977,2,-0.037059039,0.171519443,0.143619791
1305031127.011370897,2,-0.035919990,0.170217305,0.143349081
1305031127.047297001,2,-0.035439853,0.169784799,0.142675966
1305031127.079298973,2,-0.035001401,0.168765590,0.143396392
1305031127.111434937,2,-0.035803661,0.165622994,0.144025072
1305031127.147306919,2,-0.037240800,0.162007511,0.144109100
1305031127.179348946,2,-0.035933267,0.161998004,0.144791961
1305031127.211699963,2,-0.035905056,0.162025437,0.145807788
1305031127.247374058,2,-0.035507128,0.156297386,0.147998646
1305031127.279464960,2,-0.037440944,0.155743271,0.148024857
1305031127.311362028,2,-0.037015431,0.152983829,0.149567381
1305031127.347356081,2,-0.037938911,0.145249873,0.151986271
1305031127.379261971,2,-0.039210301,0.147126615,0.152684405
1305031127.411370993,2,-0.038846321,0.145009488,0.155151010
1305031127.447333097,2,-0.038290188,0.138920978,0.157982692
1305031127.479362011,2,-0.039901592,0.140331224,0.158058062
1305031127.511356115,2,-0.039693214,0.139331609,0.159098536
1305031127.547348022,2,-0.039975855,0.134360716,0.162215129
1305031127.579344988,2,-0.041282266,0.134164631,0.162384421
1305031127.611270905,2,-0.041120436,0.135470688,0.163339674
1305031127.647357941,2,-0.040657606,0.131734952,0.164295077
1305031127.679297924,2,-0.040501934,0.130148858,0.165775523
1305031127.711374998,2,-0.042250283,0.133055583,0.164921477
1305031127.747303963,2,-0.040665939,0.128957242,0.166481376
1305031127.779345989,2,-0.040755499,0.126998186,0.167734921
1305031127.811829090,2,-0.041560560,0.129638106,0.166447595
1305031127.847366095,2,-0.043081000,0.128367737,0.165977627
1305031127.879379988,2,-0.043701351,0.125932783,0.166664228
1305031127.911475897,2,-0.044061579,0.125730753,0.166819468
1305031127.947365999,2,-0.045123883,0.128170267,0.167233929
1305031127.979371071,2,-0.044538070,0.126603544,0.168949991
1305031128.011426926,2,-0.043087915,0.126864910,0.170679897
1305031128.047369003,2,-0.041312773,0.123965964,0.173766151
1305031128.079334021,2,-0.043160692,0.121421963,0.175416648
1305031128.111391068,2,-0.042673267,0.120786622,0.176227540
1305031128.147418022,2,-0.043067638,0.120879412,0.177879319
1305031128.179349899,2,-0.040691741,0.115063183,0.180227056
1305031128.211447001,2,-0.041321661,0.117244236,0.179160088
1305031128.247479916,2,-0.041295018,0.116978846,0.178801149
1305031128.279335976,2,-0.040206362,0.114716321,0.180664599
1305031128.311482906,2,-0.041202527,0.116181321,0.180184230
1305031128.347423077,2,-0.041464131,0.115255013,0.180120304
1305031128.379404068,2,-0.043150689,0.114382699,0.180525139
1305031128.411336899,2,-0.042473186,0.114128090,0.180364043
1305031128.447295904,2,-0.042870738,0.114197418,0.180002779
1305031128.479295969,2,-0.043790679,0.113750704,0.180179000
1305031128.511432886,2,-0.042784546,0.112624943,0.180187523
1305031128.547399044,2,-0.042777896,0.110924624,0.180096552
1305031128.579454899,2,-0.044065364,0.108137436,0.179756328
1305031128.611394882,2,-0.044420261,0.107485116,0.178564906
1305031128.647351980,2,-0.046189949,0.108207315,0.177399442
1305031128.679281950,2,-0.043529507,0.105297729,0.179329768
1305031128.711457014,2,-0.043723144,0.106705226,0.178637430
1305031128.747363091,2,-0.043884736,0.107570671,0.178064734
